Fold,Accuracy,Precision,Recall,F1,AUC,AP,FPR,FNR,TPR,TNR
0,0.6857142857142857,0.6695652173913044,0.8191489361702128,0.736842105263158,0.7209088521145258,0.7329224421078646,0.4691358024691358,0.18085106382978725,0.8191489361702128,0.5308641975308642
