Fold,Accuracy,Precision,Recall,F1,AUC,AP,FPR,FNR,TPR,TNR
0,0.64,0.628099173553719,0.8085106382978723,0.7069767441860466,0.7236669293406882,0.7488815323012028,0.5555555555555556,0.19148936170212766,0.8085106382978723,0.4444444444444444
